{
  "n_scenarios": 200,
  "avg_confidence": 0.3326087533815342,
  "output_volatility_proxy": 0.4110633494946825,
  "fallback_activation_frequency": 0.0
}